term_id	term_name	adjusted_p_value	term_size	query_size	intersection_size	effective_domain_size
GO:0032502	developmental process	3.7936195990825244e-59	1868	7251	1794	8509
GO:0048856	anatomical structure development	2.8980644658427754e-57	1825	7251	1752	8509
GO:0007275	multicellular organism development	5.278804754194402e-49	1399	7251	1353	8509
GO:0048731	system development	7.910265775689953e-40	1210	7251	1168	8509
GO:0048513	animal organ development	3.387950439922659e-33	860	7251	838	8509
GO:0030154	cell differentiation	8.787366194809402e-30	792	7251	771	8509
GO:0048869	cellular developmental process	8.787366194809402e-30	792	7251	771	8509
GO:0032501	multicellular organismal process	1.7753680683511609e-29	1740	7251	1627	8509
GO:0009653	anatomical structure morphogenesis	3.4339885047798564e-29	768	7251	748	8509
GO:0048468	cell development	1.5962734016516852e-24	614	7251	600	8509
GO:0007399	nervous system development	2.9890732129771736e-22	536	7251	525	8509
GO:0009888	tissue development	4.982262096394527e-22	532	7251	521	8509
GO:0009790	embryo development	7.398725009351288e-20	423	7251	417	8509
GO:0006810	transport	6.994649111027733e-19	1408	7251	1307	8509
GO:0051179	localization	9.863649763937397e-19	1466	7251	1358	8509
GO:0051234	establishment of localization	1.0987764896925622e-18	1429	7251	1325	8509
GO:0022008	neurogenesis	1.7938997073599794e-15	323	7251	319	8509
GO:0048699	generation of neurons	1.2264151032191563e-14	275	7251	273	8509
GO:0030182	neuron differentiation	4.1182542785504306e-14	267	7251	265	8509
GO:0006351	DNA-templated transcription	6.813682210587925e-14	673	7251	638	8509
GO:0080090	regulation of primary metabolic process	9.558615435098933e-14	751	7251	708	8509
GO:0072359	circulatory system development	1.546844107428229e-13	352	7251	344	8509
GO:0019219	regulation of nucleobase-containing compound metabolic process	1.6212052342783012e-13	654	7251	620	8509
GO:0060429	epithelium development	1.6904920953545057e-13	322	7251	316	8509
GO:0051252	regulation of RNA metabolic process	4.247345241920182e-13	645	7251	611	8509
GO:0120036	plasma membrane bounded cell projection organization	6.647183882569754e-13	265	7251	262	8509
GO:0048598	embryonic morphogenesis	1.0157933967982026e-12	262	7251	259	8509
GO:0009887	animal organ morphogenesis	1.0475142020308779e-12	278	7251	274	8509
GO:0048666	neuron development	2.49645300258021e-12	219	7251	218	8509
GO:0030030	cell projection organization	5.454669870693487e-12	282	7251	277	8509
GO:2001141	regulation of RNA biosynthetic process	1.7862475074856108e-11	610	7251	576	8509
GO:0006355	regulation of DNA-templated transcription	1.7862475074856108e-11	610	7251	576	8509
GO:0048646	anatomical structure formation involved in morphogenesis	2.3912151218997753e-11	300	7251	293	8509
GO:0050793	regulation of developmental process	2.0070481337634443e-10	209	7251	207	8509
GO:0035295	tube development	2.16820274164798e-10	284	7251	277	8509
GO:0006996	organelle organization	2.2584172940777272e-10	525	7251	497	8509
GO:0034220	monoatomic ion transmembrane transport	3.077719094269394e-10	437	7251	417	8509
GO:0006796	phosphate-containing compound metabolic process	5.077511125764461e-10	646	7251	605	8509
GO:0048729	tissue morphogenesis	5.077511125764461e-10	202	7251	200	8509
GO:0006793	phosphorus metabolic process	5.077511125764461e-10	646	7251	605	8509
GO:0048568	embryonic organ development	1.155679427826397e-09	213	7251	210	8509
GO:0007423	sensory organ development	1.354025165037427e-09	256	7251	250	8509
GO:0006811	monoatomic ion transport	1.4563266011038732e-09	517	7251	488	8509
GO:0055085	transmembrane transport	9.274449675526308e-09	755	7251	699	8509
GO:0019222	regulation of metabolic process	2.0095238432638577e-08	999	7251	914	8509
GO:0010646	regulation of cell communication	2.3713220991802213e-08	261	7251	253	8509
GO:0035239	tube morphogenesis	3.6785420483588205e-08	218	7251	213	8509
GO:0002009	morphogenesis of an epithelium	4.1528670368991733e-08	172	7251	170	8509
GO:0048880	sensory system development	4.413069336334604e-08	230	7251	224	8509
GO:0007389	pattern specification process	5.089187381340318e-08	201	7251	197	8509
GO:0023051	regulation of signaling	5.089187381340318e-08	267	7251	258	8509
GO:0031175	neuron projection development	6.630602887686238e-08	151	7251	150	8509
GO:0009966	regulation of signal transduction	8.920368685285032e-08	250	7251	242	8509
GO:0003002	regionalization	1.314922549852643e-07	194	7251	190	8509
GO:0048522	positive regulation of cellular process	1.658558096717171e-07	245	7251	237	8509
GO:0016310	phosphorylation	1.658558096717171e-07	315	7251	301	8509
GO:0060255	regulation of macromolecule metabolic process	1.9458737274055537e-07	951	7251	868	8509
GO:0035556	intracellular signal transduction	2.356661348858656e-07	437	7251	411	8509
GO:0051641	cellular localization	2.583848426959294e-07	426	7251	401	8509
GO:0007507	heart development	2.790710185422589e-07	188	7251	184	8509
GO:0007417	central nervous system development	3.134965453529166e-07	214	7251	208	8509
GO:0042592	homeostatic process	3.134965453529166e-07	187	7251	183	8509
GO:0030097	hemopoiesis	3.812033895997902e-07	171	7251	168	8509
GO:0009889	regulation of biosynthetic process	4.176596625140737e-07	923	7251	842	8509
GO:0000902	cell morphogenesis	5.723903898672296e-07	168	7251	165	8509
GO:0001944	vasculature development	7.506982890512462e-07	194	7251	189	8509
GO:0010556	regulation of macromolecule biosynthetic process	9.356765469995256e-07	912	7251	831	8509
GO:0061564	axon development	9.676721583684306e-07	132	7251	131	8509
GO:0048667	cell morphogenesis involved in neuron differentiation	9.676721583684306e-07	132	7251	131	8509
GO:0009792	embryo development ending in birth or egg hatching	9.890195325838182e-07	178	7251	174	8509
GO:0048562	embryonic organ morphogenesis	1.0503987816e-06	148	7251	146	8509
GO:0010468	regulation of gene expression	1.0921881688e-06	909	7251	828	8509
GO:0043009	chordate embryonic development	1.0921881688e-06	177	7251	173	8509
GO:0016192	vesicle-mediated transport	1.1927074443e-06	274	7251	262	8509
GO:0048858	cell projection morphogenesis	1.4181600893e-06	129	7251	128	8509
GO:0098660	inorganic ion transmembrane transport	1.5923162648e-06	304	7251	289	8509
GO:0120039	plasma membrane bounded cell projection morphogenesis	1.5923162648e-06	128	7251	127	8509
GO:0048812	neuron projection morphogenesis	1.5923162648e-06	128	7251	127	8509
GO:0051239	regulation of multicellular organismal process	1.863249265e-06	199	7251	193	8509
GO:0001654	eye development	2.7363270999e-06	183	7251	178	8509
GO:0150063	visual system development	2.7363270999e-06	183	7251	178	8509
GO:0060041	retina development in camera-type eye	2.7363270999e-06	105	7251	105	8509
GO:0007409	axonogenesis	2.780082417e-06	124	7251	123	8509
GO:0043010	camera-type eye development	2.9139728762e-06	155	7251	152	8509
GO:0001501	skeletal system development	5.8774988352e-06	119	7251	118	8509
GO:0048871	multicellular organismal-level homeostasis	6.7770515362e-06	99	7251	99	8509
GO:0051649	establishment of localization in cell	7.5373388642e-06	268	7251	255	8509
GO:0007369	gastrulation	7.7878212583e-06	98	7251	98	8509
GO:0071705	nitrogen compound transport	8.5993077465e-06	339	7251	319	8509
GO:0090596	sensory organ morphogenesis	8.9669081344e-06	132	7251	130	8509
GO:0070925	organelle assembly	9.4421067265e-06	160	7251	156	8509
GO:2000026	regulation of multicellular organismal development	1.86051995972e-05	111	7251	110	8509
GO:0030031	cell projection assembly	2.91629552148e-05	108	7251	107	8509
GO:0001568	blood vessel development	3.53164065843e-05	163	7251	158	8509
GO:0120031	plasma membrane bounded cell projection assembly	3.87828851746e-05	106	7251	105	8509
GO:0030001	metal ion transport	5.24040830837e-05	281	7251	265	8509
GO:0098655	monoatomic cation transmembrane transport	5.66491199736e-05	270	7251	255	8509
GO:0007420	brain development	5.75434399746e-05	159	7251	154	8509
GO:0060271	cilium assembly	6.85954934672e-05	102	7251	101	8509
GO:0048514	blood vessel morphogenesis	7.70059787151e-05	144	7251	140	8509
GO:0033036	macromolecule localization	7.70059787151e-05	438	7251	405	8509
GO:0007167	enzyme-linked receptor protein signaling pathway	9.65031211208e-05	129	7251	126	8509
GO:0046907	intracellular transport	0.0001021998263044	233	7251	221	8509
GO:0061061	muscle structure development	0.0001088494593751	128	7251	125	8509
GO:0060322	head development	0.0001191328830617	165	7251	159	8509
GO:0070727	cellular macromolecule localization	0.0001400832739939	310	7251	290	8509
GO:0048732	gland development	0.0001583026363442	96	7251	95	8509
GO:0040007	growth	0.0001592552098186	125	7251	122	8509
GO:0008104	protein localization	0.0001660270598836	308	7251	288	8509
GO:0019637	organophosphate metabolic process	0.0001662245560584	327	7251	305	8509
GO:0098662	inorganic cation transmembrane transport	0.0001766407597121	248	7251	234	8509
GO:0045935	positive regulation of nucleobase-containing compound metabolic process	0.0001787300444474	110	7251	108	8509
GO:0044782	cilium organization	0.0001787300444474	110	7251	108	8509
GO:0045595	regulation of cell differentiation	0.0002013173142028	94	7251	93	8509
GO:0015031	protein transport	0.0002092241314562	276	7251	259	8509
GO:0006366	transcription by RNA polymerase II	0.0002296698577384	275	7251	258	8509
GO:0006812	monoatomic cation transport	0.000246138579922	341	7251	317	8509
GO:0009893	positive regulation of metabolic process	0.0002506557509218	134	7251	130	8509
GO:0048589	developmental growth	0.000289074620257	120	7251	117	8509
GO:0051254	positive regulation of RNA metabolic process	0.0002988644089614	106	7251	104	8509
GO:0006816	calcium ion transport	0.0002988644089614	91	7251	90	8509
GO:0006357	regulation of transcription by RNA polymerase II	0.0004158862070903	249	7251	234	8509
GO:0048592	eye morphogenesis	0.0004464582137945	103	7251	101	8509
GO:0060972	left/right pattern formation	0.0004464582137945	103	7251	101	8509
GO:0010604	positive regulation of macromolecule metabolic process	0.000459819105371	129	7251	125	8509
GO:0045184	establishment of protein localization	0.0004842396321807	286	7251	267	8509
GO:0007610	behavior	0.0004991532687498	102	7251	100	8509
GO:0007368	determination of left/right symmetry	0.0004991532687498	102	7251	100	8509
GO:0009799	specification of symmetry	0.0005264589242254	115	7251	112	8509
GO:0009855	determination of bilateral symmetry	0.0005264589242254	115	7251	112	8509
GO:0009987	cellular process	0.0005280839741613	7675	7251	6583	8509
GO:0007166	cell surface receptor signaling pathway	0.0005608014789187	524	7251	478	8509
GO:0048593	camera-type eye morphogenesis	0.0005786396754351	86	7251	85	8509
GO:0141124	intracellular signaling cassette	0.0007855750675466	212	7251	200	8509
GO:0007169	cell surface receptor protein tyrosine kinase signaling pathway	0.001040497100116	82	7251	81	8509
GO:0009891	positive regulation of biosynthetic process	0.001140262393834	109	7251	106	8509
GO:1904888	cranial skeletal system development	0.0011913032831054	81	7251	80	8509
GO:0071840	cellular component organization or biogenesis	0.0012991455197758	1245	7251	1106	8509
GO:0015698	inorganic anion transport	0.0013640479895404	80	7251	79	8509
GO:0010557	positive regulation of macromolecule biosynthetic process	0.0014520526605221	107	7251	104	8509
GO:0051128	regulation of cellular component organization	0.0015400750572712	142	7251	136	8509
GO:0006820	monoatomic anion transport	0.0015400750572712	79	7251	78	8509
GO:0007517	muscle organ development	0.0015400750572712	79	7251	78	8509
GO:0060026	convergent extension	0.0016012012729545	62	7251	62	8509
GO:0030855	epithelial cell differentiation	0.001826571270651	92	7251	90	8509
GO:0061008	hepaticobiliary system development	0.0018555838235795	61	7251	61	8509
GO:0098656	monoatomic anion transmembrane transport	0.002020308465895	77	7251	76	8509
GO:1902680	positive regulation of RNA biosynthetic process	0.0020466996220292	91	7251	89	8509
GO:0045893	positive regulation of DNA-templated transcription	0.0020466996220292	91	7251	89	8509
GO:0072001	renal system development	0.0022535347275573	76	7251	75	8509
GO:0003007	heart morphogenesis	0.0022535347275573	76	7251	75	8509
GO:0007411	axon guidance	0.0022535347275573	76	7251	75	8509
GO:0097485	neuron projection guidance	0.0022535347275573	76	7251	75	8509
GO:0001525	angiogenesis	0.0023191514312004	115	7251	111	8509
GO:0001889	liver development	0.0023973524484092	59	7251	59	8509
GO:0060042	retina morphogenesis in camera-type eye	0.0023973524484092	59	7251	59	8509
GO:0001822	kidney development	0.0025330588975592	75	7251	74	8509
GO:0006644	phospholipid metabolic process	0.0025330588975592	102	7251	99	8509
GO:0006163	purine nucleotide metabolic process	0.0025539932383965	114	7251	110	8509
GO:0016043	cellular component organization	0.003006638148227	1180	7251	1047	8509
GO:0048872	homeostasis of number of cells	0.0032064000413562	57	7251	57	8509
GO:0060537	muscle tissue development	0.003300903235039	87	7251	85	8509
GO:0061448	connective tissue development	0.0033065849679343	73	7251	72	8509
GO:0019693	ribose phosphate metabolic process	0.0036331827590258	111	7251	107	8509
GO:0060538	skeletal muscle organ development	0.0036756970349637	56	7251	56	8509
GO:0014706	striated muscle tissue development	0.0036824698758137	86	7251	84	8509
GO:0000226	microtubule cytoskeleton organization	0.0036824698758137	86	7251	84	8509
GO:0009259	ribonucleotide metabolic process	0.0040277027723032	110	7251	106	8509
GO:0055123	digestive system development	0.0041667613838757	55	7251	55	8509
GO:0032940	secretion by cell	0.0041667613838757	55	7251	55	8509
GO:0031016	pancreas development	0.0041667613838757	55	7251	55	8509
GO:0001667	ameboidal-type cell migration	0.0042168449940406	71	7251	70	8509
GO:1902531	regulation of intracellular signal transduction	0.0044403589239304	109	7251	105	8509
GO:0042692	muscle cell differentiation	0.0046707251366625	84	7251	82	8509
GO:0009628	response to abiotic stimulus	0.0049817655489542	108	7251	104	8509
GO:0046486	glycerolipid metabolic process	0.0053062330850988	83	7251	81	8509
GO:0051216	cartilage development	0.0055101156843341	69	7251	68	8509
GO:0007010	cytoskeleton organization	0.0055845558564785	256	7251	237	8509
GO:0071805	potassium ion transmembrane transport	0.0056332873656782	95	7251	92	8509
GO:0060562	epithelial tube morphogenesis	0.0059274375722464	82	7251	80	8509
GO:0030099	myeloid cell differentiation	0.0059274375722464	82	7251	80	8509
GO:0048705	skeletal system morphogenesis	0.0061782121502437	68	7251	67	8509
GO:0009952	anterior/posterior pattern specification	0.0061782121502437	68	7251	67	8509
GO:0009117	nucleotide metabolic process	0.0062339362340564	149	7251	141	8509
GO:0002262	myeloid cell homeostasis	0.0062339362340564	52	7251	52	8509
GO:0007519	skeletal muscle tissue development	0.0062339362340564	52	7251	52	8509
GO:0060560	developmental growth involved in morphogenesis	0.0072568428291694	51	7251	51	8509
GO:0090407	organophosphate biosynthetic process	0.0086119531995158	195	7251	182	8509
GO:0006813	potassium ion transport	0.0086408983755369	103	7251	99	8509
GO:0070588	calcium ion transmembrane transport	0.0092588761098915	65	7251	64	8509
GO:0034101	erythrocyte homeostasis	0.0095538124696239	49	7251	49	8509
GO:0006401	RNA catabolic process	0.0095538124696239	49	7251	49	8509
GO:0030902	hindbrain development	0.0095538124696239	49	7251	49	8509
GO:0051259	protein complex oligomerization	0.0095538124696239	49	7251	49	8509
GO:0030218	erythrocyte differentiation	0.0095538124696239	49	7251	49	8509
GO:0000165	MAPK cascade	0.0095538124696239	49	7251	49	8509
GO:0009719	response to endogenous stimulus	0.0107725759618625	112	7251	107	8509
GO:0048863	stem cell differentiation	0.0107954338102531	77	7251	75	8509
GO:0051049	regulation of transport	0.012983366131671	47	7251	47	8509
GO:0098661	inorganic anion transmembrane transport	0.0133911411245589	62	7251	61	8509
GO:0046903	secretion	0.0133911411245589	62	7251	61	8509
GO:0022603	regulation of anatomical structure morphogenesis	0.0133911411245589	62	7251	61	8509
GO:0048706	embryonic skeletal system development	0.0133911411245589	62	7251	61	8509
GO:0009150	purine ribonucleotide metabolic process	0.0133911411245589	99	7251	95	8509
GO:0048583	regulation of response to stimulus	0.0145140822550388	364	7251	331	8509
GO:0003015	heart process	0.0147320612619971	46	7251	46	8509
GO:0140352	export from cell	0.0152751628145386	61	7251	60	8509
GO:0060047	heart contraction	0.0169743377234831	45	7251	45	8509
GO:0003407	neural retina development	0.0169743377234831	45	7251	45	8509
GO:0061053	somite development	0.0169743377234831	45	7251	45	8509
GO:0031099	regeneration	0.0174860828202429	73	7251	71	8509
GO:0060485	mesenchyme development	0.0197454352441838	72	7251	70	8509
GO:0055001	muscle cell development	0.0197454352441838	72	7251	70	8509
GO:0061371	determination of heart left/right asymmetry	0.0197454352441838	72	7251	70	8509
GO:0009056	catabolic process	0.0220319772137064	374	7251	339	8509
GO:0070848	response to growth factor	0.0224581755455093	58	7251	57	8509
GO:0048925	lateral line system development	0.0224581755455093	58	7251	57	8509
GO:0071363	cellular response to growth factor stimulus	0.0224581755455093	58	7251	57	8509
GO:0065008	regulation of biological quality	0.0231775432843158	237	7251	218	8509
GO:0071495	cellular response to endogenous stimulus	0.0246742512401549	104	7251	99	8509
GO:0009165	nucleotide biosynthetic process	0.0252262182630253	93	7251	89	8509
GO:0048704	embryonic skeletal system morphogenesis	0.0253857750715968	57	7251	56	8509
GO:0048701	embryonic cranial skeleton morphogenesis	0.0253857750715968	57	7251	56	8509
GO:0046530	photoreceptor cell differentiation	0.0255560750643443	42	7251	42	8509
GO:0034330	cell junction organization	0.0255560750643443	42	7251	42	8509
GO:0002244	hematopoietic progenitor cell differentiation	0.0255560750643443	42	7251	42	8509
GO:0072521	purine-containing compound metabolic process	0.0264240224481055	153	7251	143	8509
GO:0051146	striated muscle cell differentiation	0.0277803134223883	69	7251	67	8509
GO:0032879	regulation of localization	0.0285762289069799	56	7251	55	8509
GO:0006402	mRNA catabolic process	0.0292388437178608	41	7251	41	8509
GO:0051169	nuclear transport	0.0292388437178608	41	7251	41	8509
GO:0006913	nucleocytoplasmic transport	0.0292388437178608	41	7251	41	8509
GO:0048519	negative regulation of biological process	0.0302091078457124	513	7251	460	8509
GO:0006821	chloride transport	0.0320442926507457	55	7251	54	8509
GO:0060284	regulation of cell development	0.0320442926507457	55	7251	54	8509
GO:0048793	pronephros development	0.0320442926507457	55	7251	54	8509
GO:0048884	neuromast development	0.0331950689037596	40	7251	40	8509
GO:0009166	nucleotide catabolic process	0.0331950689037596	40	7251	40	8509
GO:0060249	anatomical structure homeostasis	0.0331950689037596	40	7251	40	8509
GO:0072523	purine-containing compound catabolic process	0.0331950689037596	40	7251	40	8509
GO:1902476	chloride transmembrane transport	0.0359544064118938	54	7251	53	8509
GO:0035050	embryonic heart tube development	0.0359544064118938	54	7251	53	8509
GO:0009894	regulation of catabolic process	0.0359544064118938	54	7251	53	8509
GO:0002011	morphogenesis of an epithelial sheet	0.0381897155916798	39	7251	39	8509
GO:0048565	digestive tract development	0.0381897155916798	39	7251	39	8509
GO:0043583	ear development	0.0383086537996043	66	7251	64	8509
GO:0048839	inner ear development	0.0383086537996043	66	7251	64	8509
GO:0008654	phospholipid biosynthetic process	0.0403630091324982	53	7251	52	8509
GO:0006914	autophagy	0.0403630091324982	53	7251	52	8509
GO:0061919	process utilizing autophagic mechanism	0.0403630091324982	53	7251	52	8509
GO:0006650	glycerophospholipid metabolic process	0.0430606983075204	65	7251	63	8509
GO:0060027	convergent extension involved in gastrulation	0.0432610983397181	38	7251	38	8509
GO:0001894	tissue homeostasis	0.0432610983397181	38	7251	38	8509
GO:0046034	ATP metabolic process	0.0432610983397181	38	7251	38	8509
GO:0023057	negative regulation of signaling	0.0445917797288195	87	7251	83	8509
GO:0010648	negative regulation of cell communication	0.0445917797288195	87	7251	83	8509
GO:0048882	lateral line development	0.045333666140276	52	7251	51	8509
GO:0051301	cell division	0.0467910086939267	97	7251	92	8509
GO:0065007	biological regulation	0.0475858752590401	3163	7251	2740	8509
GO:0030036	actin cytoskeleton organization	0.0480748551768408	136	7251	127	8509
GO:0006195	purine nucleotide catabolic process	0.0486962135386954	37	7251	37	8509
GO:0051093	negative regulation of developmental process	0.0486962135386954	37	7251	37	8509
GO:0051260	protein homooligomerization	0.0486962135386954	37	7251	37	8509
GO:0009968	negative regulation of signal transduction	0.0486962135386954	86	7251	82	8509
GO:0006887	exocytosis	0.0486962135386954	37	7251	37	8509
GO:0003013	circulatory system process	0.0491336312451353	75	7251	72	8509
